file,class,source,group_id,session,rtl_center_hz,offset_hz,span_hz,decimation,fft_size,fft_rate,rtl_gain,tx_gain,min_db,max_db,tx_fs,colormap,params
datasets/fft/fm/22875b1ad8599ada1ac86e7916d1f57cf27bf7da736e5750519fbfca0d2a9e86.png,fm,synthetic,fm-33-0-0,fm-33-0,433815116,191196,2048000,1,32768,1409,25,26,-85.5,-27.4,8000000,,"{""subtype"": ""fm"", ""hires"": true, ""overloaded"": false, ""stereo"": true, ""dev_hz"": 75000, ""obw_hz"": 143310}"
datasets/fft/OOK/a73a5e8e43cfce30cd663cb0d1fa91eab573ca7f8c325c30ee77e6dc8ab1b8b0.png,OOK,synthetic,OOK-41-0-0,OOK-41-0,433942614,-353223,1200000,2,65536,536,20,26,-96.0,-44.7,8000000,,"{""subtype"": ""OOK"", ""hires"": true, ""overloaded"": false, ""bit_rate"": 1000.0, ""manchester"": false, ""repeats"": 3, ""obw_hz"": 27343}"
datasets/fft/psk-qam/90a0a030fc9bbf9a94ba9d361c738010875dcaf50a1af520397a5dd465d370dc.png,psk-qam,synthetic,psk-qam-41-0-0,psk-qam-41-0,433891265,-30957,300000,8,8192,465,20,11,-93.0,-38.6,2000000,,"{""subtype"": ""32QAM"", ""hires"": false, ""overloaded"": false, ""modulation"": ""32QAM"", ""sym_rate"": 25000.0, ""beta"": 0.45, ""bursty"": false, ""obw_hz"": 33984}"
datasets/fft/am/a62879ac4801e683c312b4103c11c11378b549fd899665f2e84391e547cad7e1.png,am,synthetic,am-41-0-0,am-41-0,433840410,7987,31250,8,16384,187,25,8,-102.0,-58.6,2000000,,"{""subtype"": ""am"", ""hires"": false, ""overloaded"": false, ""depth"": 0.46, ""type"": ""broadcast"", ""obw_hz"": 3051}"
datasets/fft/airband/b71af1dd9e14a6db42e1a3813997f7a160caa3bf68b4ea9d0d823172d8a3d973.png,airband,synthetic,airband-41-0-0,airband-41-0,433816433,103123,1024000,2,16384,2954,30,4,-87.0,-29.3,4000000,,"{""subtype"": ""airband"", ""hires"": true, ""overloaded"": false, ""type"": ""ptt-am"", ""obw_hz"": 122}"
datasets/fft/pocsag/0210452bad199fd37d2e05342f8130a20f1de8f9d448a42560e371debe416fff.png,pocsag,synthetic,pocsag-41-0-0,pocsag-41-0,433687890,792,31250,8,16384,227,15,2,-120.0,-60.1,2000000,,"{""subtype"": ""pocsag"", ""hires"": false, ""overloaded"": false, ""baud"": 512.0, ""dev_hz"": 4500, ""obw_hz"": 17944}"
datasets/fft/Radioteletype/5349b3ed67f7b774cc4cc77a6de2d37a1579cc6149097013ea23be3e0bdb6216.png,Radioteletype,synthetic,Radioteletype-41-0-0,Radioteletype-41-0,434162054,-820,3906,64,32768,80,20,5,-129.1,-86.4,2000000,,"{""subtype"": ""Radioteletype"", ""hires"": false, ""overloaded"": false, ""baud"": 75, ""shift_hz"": 850, ""obw_hz"": 1708}"
datasets/fft/sstv/219aa6c73615080baf7d06ad19bcf9173b8c8dc0d2369b634769638251655788.png,sstv,synthetic,sstv-41-0-0,sstv-41-0,433622591,472076,2048000,1,32768,1538,25,14,-85.5,-37.5,8000000,,"{""subtype"": ""sstv"", ""hires"": true, ""overloaded"": true, ""line_ms"": 428.2, ""obw_hz"": 12939}"
datasets/fft/automatic-picture-transmission/664cb0fa65b45bd24a1fb330a0cfd679f58a208daf5310f4870cdef940a6dfca.png,automatic-picture-transmission,synthetic,automatic-picture-transmission-41-0-0,automatic-picture-transmission-41-0,434004474,-1874,2048000,1,65536,594,25,0,-87.0,-36.4,8000000,,"{""subtype"": ""automatic-picture-transmission"", ""hires"": true, ""overloaded"": false, ""dev_hz"": 17000, ""obw_hz"": 38513}"
datasets/fft/cellular/1338a2e848b75b30c23e5a9f9b3801d0462a51a4f026b9e0058f3d45dffadcc3.png,cellular,real-ota,cellular-1960000000,cellular-7,1960000000,0,20000000,1,16384,244,40,,-91.5,-57.3,,Classic,"{""device"": ""HackRF"", ""esp32"": null, ""vga"": 30}"
datasets/fft/lora/3dadb98bb472fa2719bd30802faa3f0984b2076897ba528632560a56ac79d095.png,lora,synthetic,lora-43-0-0,lora-43-0,433949027,-70738,1024000,1,1024,1561,30,24,-60.0,-13.9,4000000,,"{""subtype"": ""lora"", ""hires"": false, ""overloaded"": false, ""sf"": 11, ""bw_hz"": 500000.0, ""obw_hz"": 513867}"
datasets/fft/RS41-Radiosonde/4cd535e73a186d37d4f7b5649b50223be38824b1e14b3c4306ab0096cd6e27fd.png,RS41-Radiosonde,synthetic,RS41-Radiosonde-43-0-0,RS41-Radiosonde-43-0,433848360,-284376,2048000,1,32768,1012,15,23,-99.0,-54.1,8000000,,"{""subtype"": ""RS41-Radiosonde"", ""hires"": true, ""overloaded"": false, ""frame_s"": 0.63, ""carrier_gap"": false, ""obw_hz"": 10253}"
datasets/fft/z-wave/6f83f229c1f35ae1bbb7ff744051fc325a0de62a178aa11abac15c7410cb3bd1.png,z-wave,synthetic,z-wave-43-0-0,z-wave-43-0,433858337,337536,1024000,1,2048,420,10,14,-87.0,-38.1,4000000,,"{""subtype"": ""z-wave"", ""hires"": false, ""overloaded"": false, ""rate"": 9600, ""dev_hz"": 20000.0, ""obw_hz"": 141796}"
datasets/fft/vor/451640f11ad9a548936fc260c5cb079613fdc700382bcbb8f880e21eced84ea0.png,vor,synthetic,vor-43-0-0,vor-43-0,433963424,-9679,62500,4,16384,86,25,10,-90.0,-32.0,2000000,,"{""subtype"": ""vor"", ""hires"": false, ""overloaded"": false, ""ident"": true, ""obw_hz"": 20874}"
datasets/fft/digital-audio-broadcasting/ab789978ee529af2ac6a48cd2b38c4df4d29aae8f65a32984dd82e13452b088b.png,digital-audio-broadcasting,synthetic,digital-audio-broadcasting-43-0-0,digital-audio-broadcasting-43-0,433906788,-68624,2400000,1,32768,97,10,23,-96.0,-54.0,8000000,,"{""subtype"": ""digital-audio-broadcasting"", ""hires"": false, ""overloaded"": false, ""mode"": ""I"", ""bw_hz"": 1536000, ""obw_hz"": 1536328}"
datasets/fft/2ASK/04f73a01c95e5f3a89acd74fb061fc979a4ad357040dbced17b5672e22cb88d2.png,2ASK,synthetic,2ASK-43-0-0,2ASK-43-0,433801927,-97366,512000,2,32768,215,25,11,-87.0,-39.9,4000000,,"{""subtype"": ""2ASK"", ""hires"": false, ""overloaded"": false, ""sym_rate"": 50000.0, ""low_level"": 0.08, ""bursty"": false, ""obw_hz"": 69824}"
datasets/fft/2FSK/1eda24abb807372e236de16d3bf0db755083adc34dc5d9db2d4ab2cd91f26479.png,2FSK,synthetic,2FSK-43-0-0,2FSK-43-0,433813159,308484,1024000,1,65536,620,25,27,-93.0,-52.0,4000000,,"{""subtype"": ""2FSK"", ""hires"": true, ""overloaded"": false, ""kind"": ""packets"", ""bit_rate"": 200.0, ""dev_hz"": 14355, ""bt"": 1.0, ""obw_hz"": 29785}"
datasets/fft/4FSK/5883173fbdc78d924e936bc82b867b31c8a20d8216a96242e2a78d0aa7a4df15.png,4FSK,synthetic,4FSK-43-0-0,4FSK-43-0,434099591,-7954,62500,4,16384,153,10,11,-120.0,-65.9,2000000,,"{""subtype"": ""4FSK"", ""hires"": false, ""overloaded"": false, ""sym_rate"": 4800.0, ""outer_dev_hz"": 2700, ""obw_hz"": 18920}"
datasets/fft/ads-b/519d4049b474b065501d43f1dbf8186fb9b56e00568d0b16de4f602b1a1b3952.png,ads-b,synthetic,ads-b-43-0-0,ads-b-43-0,433926895,87831,2400000,1,1024,2713,25,22,-60.0,-7.8,8000000,,"{""subtype"": ""ads-b"", ""hires"": false, ""overloaded"": false, ""msg_rate"": 472, ""obw_hz"": 1510546}"
datasets/fft/ais/6bec8ba0be0b06fae3782fa4db3b3494332efacb711f9d91f26466333c10b961.png,ais,synthetic,ais-43-0-0,ais-43-0,433601589,73620,250000,1,8192,187,15,16,-93.0,-37.1,2000000,,"{""subtype"": ""ais"", ""hires"": false, ""overloaded"": false, ""bursts_per_s"": 27.0, ""obw_hz"": 60974}"
datasets/fft/packet/34e95e0e6d332169624a50e0824f4417b3b5209a760f96085d8a4f4646a39afd.png,packet,synthetic,packet-43-0-0,packet-43-0,433741521,7145,31250,8,16384,189,15,3,-117.0,-75.3,2000000,,"{""subtype"": ""packet"", ""hires"": false, ""overloaded"": false, ""dev_hz"": 2776, ""obw_hz"": 12695}"
datasets/fft/wifi/75d892d59ccf697d68feba3ad7fd6e8035c666b318ed5a619be0c9dd28121d11.png,wifi,real-ota,wifi-esp32-2437000000,wifi-esp32-8,2437000000,0,20000000,1,8192,687,24,,-88.1,-52.2,,Classic,"{""device"": ""HackRF"", ""esp32"": ""w"", ""vga"": 24}"
datasets/fft/bluetooth/47d085b69babd1be6bb2feac4fa5fb2b79ef08e2191f7cceb1f7bdd7b0894124.png,bluetooth,real-ota,bluetooth-esp32-2481000000,bluetooth-esp32-8,2481000000,0,10000000,1,1024,1296,32,,-78.0,-42.1,,Classic,"{""device"": ""HackRF"", ""esp32"": ""b"", ""vga"": 30}"
datasets/fft/digital-speech-decoder/c8304c4980d12adfc068a0e2db989214af792f675fc8fd3dc1fc5d9220645eb6.png,digital-speech-decoder,synthetic,digital-speech-decoder-44-0-0,digital-speech-decoder-44-0,434134477,9289,31250,8,16384,175,10,8,-129.0,-69.2,2000000,,"{""subtype"": ""digital-speech-decoder"", ""hires"": false, ""overloaded"": false, ""mode"": ""DMR"", ""both_slots"": true, ""obw_hz"": 8789}"
